First name,Last name
Aaron,Scott
Adelyn ,Malone
Aimee,Booth
Alex,Morris
Alice,Chapman
Andy,Hjohns
Anna,Solomon
Benjamin,Young
Brandi,Bailey
Brandy,Reed
Britney ,Wallace
Carlos,Barnes
Charles,Flores
Chloe ,Guzman
Craig,Cook
Cynthia,Jenkins
Daryl,Buchanan
Douglas,Cooper
Emily,King
Enrique,Morton
Erin,Rivera
Harriet,Martin
Ian,Cox
Ivan,Dawson
Jacob,Adams
Jamie,Mitchel
Jennifer,Nicholson
Jeremy,Lewis
Jonnie,Henderson
Julien,Moss
Kate,Abbott
Kathleen,Diaz
Kelly,Roberts
Kent,Perrin
Kirk,Graham
Lillian ,Reese
Macie ,Kent
Maria,Brennan
Mark,Allen
Michelle,Clark
Millie ,Hunt
Nathan,Harake
Nathaniel,Richardson
Patrick,Baker
Perry,Berry
Raymond,Hayes
Rebecca,Green
Rene,Pappas
Ross ,Hill
Salvador,Porter
Samantha,Nicaud
Sara,Priston
Sean,Hall
Seth,May
Stacy,Ross
Stephen,Nelson
Tiffany,Ramirez
Tracy,Jones
Virgin,Lewis
Wade,Ortega
Zachary,Campbell
